{
    "naive_bayes": {
        "test_accuracy": 0.9927884615384616,
        "precision": 0.9933894230769231,
        "recall": 0.9927884615384616,
        "f1_score": 0.9927884615384615,
        "train_accuracy": 0.9873646209386282
    },
    "svm_baseline": {
        "test_accuracy": 0.055288461538461536,
        "precision": 0.045164233576642336,
        "recall": 0.055288461538461536,
        "f1_score": 0.022443693430315506,
        "train_accuracy": 0.05956678700361011
    },
    "svm_pca": {
        "test_accuracy": 0.9927884615384616,
        "precision": 0.9933894230769231,
        "recall": 0.9927884615384616,
        "f1_score": 0.9927884615384615,
        "train_accuracy": 0.9873646209386282
    },
    "timestamp": "2025-12-18T06:32:00.768733"
}