{
    "naive_bayes": {
        "test_accuracy": 0.9567307692307693,
        "train_accuracy": 0.9632972322503008
    },
    "svm_baseline": {
        "test_accuracy": 0.04326923076923077,
        "train_accuracy": 0.043922984356197355
    },
    "svm_pca": {
        "test_accuracy": 0.9879807692307693,
        "train_accuracy": 0.9873646209386282
    },
    "timestamp": "2025-12-18T06:18:42.513245"
}