{
    "naive_bayes": {
        "test_accuracy": 0.9879807692307693,
        "precision": 0.9898492132867134,
        "recall": 0.9879807692307693,
        "f1_score": 0.9879256845602999,
        "train_accuracy": 0.9813477737665464
    },
    "svm_baseline": {
        "test_accuracy": 0.04326923076923077,
        "precision": 0.0018722263313609468,
        "recall": 0.04326923076923077,
        "f1_score": 0.00358915278270117,
        "train_accuracy": 0.043922984356197355
    },
    "svm_pca": {
        "test_accuracy": 0.9903846153846154,
        "precision": 0.9915350274725275,
        "recall": 0.9903846153846154,
        "f1_score": 0.9903679567141105,
        "train_accuracy": 0.9831528279181708
    },
    "timestamp": "2025-12-18T06:30:06.400637"
}